{"_id":{"$oid":"5af1a1fd5b54fb3320ede630"},"jobid":"5af1a1285b54fb3320ede62f","firstname":"Piyush ","midname":"","lastname":"Gupta","dob":"19/05/1987","primaryskill":"Dot Net","secondaryskill":"MVC","totalexp":"7 Years","currentexp":"TCS","currentlocation":"Gurgaon","preferredlocation":"Delhi","referedby":"5a43492f511341d260f2f97a","lob":{"$numberInt":"0"},"sublob":{"$numberInt":"0"},"mobile":"9811317890","emailid":"piyush.gupta@mercer.com","attachment":"5b1275bb-9a69-4c7f-ba6b-57db349dff09.docx","referedon":{"$date":{"$numberLong":"1525785085512"}},"referenceid":{"$numberInt":"151611"},"statusid":{"$numberInt":"9"}}
{"_id":{"$oid":"5b0bd8cb5b54fb09000074af"},"jobid":"5af309b95b54fb4eb8f4a6ad","firstname":"Maheep","midname":"","lastname":"Singh","dob":"12/05/2000","primaryskill":"Dot Net","secondaryskill":"MVC","totalexp":"5","currentexp":"TCS","currentlocation":"Gurgaon","preferredlocation":"Noida","referedby":"5a43492f511341d260f2f97a","lob":{"$numberInt":"0"},"sublob":{"$numberInt":"0"},"mobile":"9877709009","emailid":"Maheep@gmail.com","attachment":"e616fb15-f73b-4ec0-a8ca-adf2726e8115.doc","referedon":{"$date":{"$numberLong":"1527503051069"}},"referenceid":{"$numberInt":"151613"},"IsFemale":false,"statusid":{"$numberInt":"0"}}
{"_id":{"$oid":"5af3ce115b54fb25c8e832c9"},"jobid":"5af1a1285b54fb3320ede62f","firstname":"Rajiv","midname":"","lastname":"Rao","dob":"18/05/2000","primaryskill":"Dot Net","secondaryskill":"MVC","totalexp":"3 Years","currentexp":"HCL","currentlocation":"Gurgaon","preferredlocation":"Gurgaon","referedby":"5a43492f511341d260f2f97a","lob":{"$numberInt":"0"},"sublob":{"$numberInt":"0"},"mobile":"9866724394","emailid":"rajiv.rao@yahoo.com","attachment":"3dd554f5-f7e5-4b11-88a8-c0ab5c881201.doc","referedon":{"$date":{"$numberLong":"1525927441825"}},"referenceid":{"$numberInt":"151612"},"statusid":{"$numberInt":"3"}}
{"_id":{"$oid":"5b1d6aa41886a01258758889"},"jobid":"5af2c3a35b54fb3f3cceca2d","firstname":"Piyush","midname":"","lastname":"Gupta","dob":"14/06/2000","primaryskill":".Net","secondaryskill":"Sql Server","totalexp":"6 Years","currentexp":"TCS","currentlocation":"Gurgaon","preferredlocation":"Delhi","referedby":"5a43492f511341d260f2f97a","lob":{"$numberInt":"0"},"sublob":{"$numberInt":"0"},"mobile":"9811317890","emailid":"piyush.gupta@mercer.com","attachment":"dc4453a9-27ef-490f-a093-6f8af505d0ef.docx","referedon":{"$date":{"$numberLong":"1528654500201"}},"referenceid":{"$numberInt":"151614"},"IsFemale":false,"statusid":{"$numberInt":"0"}}
