{"_id":{"$oid":"5b1d64df18869f1258b7111e"},"CandidateId":{"$numberInt":"151611"},"StatusId":{"$numberInt":"2"},"Feedback":"","SavedBy":"5a434936511341d260f2f97b","HrName":"HR","SavedOn":{"$date":{"$numberLong":"1528653023647"}},"DateString":"10-Jun-2018 11:20 PM"}
{"_id":{"$oid":"5b1d64f018869f1258b7111f"},"CandidateId":{"$numberInt":"151611"},"StatusId":{"$numberInt":"3"},"Feedback":"communication skills not good","SavedBy":"5a434936511341d260f2f97b","HrName":"HR","SavedOn":{"$date":{"$numberLong":"1528653040412"}},"DateString":"10-Jun-2018 11:20 PM"}
{"_id":{"$oid":"5b1d65ae18869f1258b71120"},"CandidateId":{"$numberInt":"151612"},"StatusId":{"$numberInt":"3"},"Feedback":"candidature dropped","SavedBy":"5a434936511341d260f2f97b","HrName":"HR","SavedOn":{"$date":{"$numberLong":"1528653230641"}},"DateString":"10-Jun-2018 11:23 PM"}
{"_id":{"$oid":"5b1d680318869f1258b71121"},"CandidateId":{"$numberInt":"151611"},"StatusId":{"$numberInt":"9"},"Feedback":"offered as per selection","SavedBy":"5a434936511341d260f2f97b","HrName":"HR","SavedOn":{"$date":{"$numberLong":"1528653827698"}},"DateString":"10-Jun-2018 11:33 PM"}
