{"_id":{"$oid":"5af3ce115b54fb25c8e832c9"},"jobid":"5af1a1285b54fb3320ede62f","firstname":"Rajiv","midname":"","lastname":"Rao","dob":"18/05/2000","primaryskill":"Dot Net","secondaryskill":"MVC","totalexp":"3 Years","currentexp":"HCL","currentlocation":"Gurgaon","preferredlocation":"Gurgaon","referedby":"5a43492f511341d260f2f97a","lob":{"$numberInt":"0"},"sublob":{"$numberInt":"0"},"mobile":"9866724394","emailid":"rajiv.rao@yahoo.com","attachment":"3dd554f5-f7e5-4b11-88a8-c0ab5c881201.doc","referedon":{"$date":{"$numberLong":"1525927441825"}},"referenceid":{"$numberInt":"151612"},"statusid":{"$numberInt":"3"}}
{"_id":{"$oid":"5af1a1fd5b54fb3320ede630"},"jobid":"5af1a1285b54fb3320ede62f","firstname":"Piyush ","midname":"","lastname":"Gupta","dob":"19/05/1987","primaryskill":"Dot Net","secondaryskill":"MVC","totalexp":"7 Years","currentexp":"TCS","currentlocation":"Gurgaon","preferredlocation":"Delhi","referedby":"5a43492f511341d260f2f97a","lob":{"$numberInt":"0"},"sublob":{"$numberInt":"0"},"mobile":"9811317890","emailid":"piyush.gupta@mercer.com","attachment":"5b1275bb-9a69-4c7f-ba6b-57db349dff09.docx","referedon":{"$date":{"$numberLong":"1525785085512"}},"referenceid":{"$numberInt":"151611"},"statusid":{"$numberInt":"8"}}
{"_id":{"$oid":"5b0bd8cb5b54fb09000074af"},"jobid":"5af309b95b54fb4eb8f4a6ad","firstname":"Maheep","midname":"","lastname":"Singh","dob":"12/05/2000","primaryskill":"Dot Net","secondaryskill":"MVC","totalexp":"5","currentexp":"TCS","currentlocation":"Gurgaon","preferredlocation":"Noida","referedby":"5a43492f511341d260f2f97a","lob":{"$numberInt":"0"},"sublob":{"$numberInt":"0"},"mobile":"9877709009","emailid":"Maheep@gmail.com","attachment":"e616fb15-f73b-4ec0-a8ca-adf2726e8115.doc","referedon":{"$date":{"$numberLong":"1527503051069"}},"referenceid":{"$numberInt":"151613"},"IsFemale":false,"statusid":{"$numberInt":"0"}}
{"_id":{"$oid":"5b1d6aa41886a01258758889"},"jobid":"5af2c3a35b54fb3f3cceca2d","firstname":"Piyush","midname":"","lastname":"Gupta","dob":"14/06/2000","primaryskill":".Net","secondaryskill":"Sql Server","totalexp":"6 Years","currentexp":"TCS","currentlocation":"Gurgaon","preferredlocation":"Delhi","referedby":"5a43492f511341d260f2f97a","lob":{"$numberInt":"0"},"sublob":{"$numberInt":"0"},"mobile":"9811317890","emailid":"piyush.gupta@mercer.com","attachment":"dc4453a9-27ef-490f-a093-6f8af505d0ef.docx","referedon":{"$date":{"$numberLong":"1528654500201"}},"referenceid":{"$numberInt":"151614"},"IsFemale":false,"statusid":{"$numberInt":"0"}}
{"_id":{"$oid":"5b1e13615b54fb4bc0683999"},"jobid":"5b1e12765b54fb4bc0683998","firstname":"Aditi","midname":"","lastname":"Rana","dob":"01/06/2000","primaryskill":"Dot Net","secondaryskill":"Angular","totalexp":"9","currentexp":"TCS","currentlocation":"Gurgaon","preferredlocation":"Gurgaon","referedby":"5a43492f511341d260f2f97a","lob":{"$numberInt":"0"},"sublob":{"$numberInt":"0"},"mobile":"9191919191","emailid":"Aditi.rana@gmail.com","attachment":"526b8b8d-c62e-4a1e-a453-079d94e4c9c5.doc","referedon":{"$date":{"$numberLong":"1528697697437"}},"referenceid":{"$numberInt":"151615"},"IsFemale":null,"statusid":{"$numberInt":"7"}}
{"_id":{"$oid":"5b1e13ac5b54fb4bc068399a"},"jobid":"5af3cd765b54fb25c8e832c8","firstname":"Aditi","midname":"","lastname":"Rana","dob":"01/06/2000","primaryskill":"Net","secondaryskill":"Angular","totalexp":"9","currentexp":"TCS","currentlocation":"Curgaon","preferredlocation":"GUrgaon","referedby":"5a43492f511341d260f2f97a","lob":{"$numberInt":"0"},"sublob":{"$numberInt":"0"},"mobile":"9191919191","emailid":"aditi.rana@gmail.com","attachment":"54bf90c3-feff-4660-8a09-ec062678bd2b.doc","referedon":{"$date":{"$numberLong":"1528697772075"}},"referenceid":{"$numberInt":"151616"},"IsFemale":true,"statusid":{"$numberInt":"3"}}
{"_id":{"$oid":"5b1e18625b54fb4bc06839a2"},"jobid":"5b1e12765b54fb4bc0683998","firstname":"Sandeep ","midname":"","lastname":"Kumar","dob":"01/06/2000","primaryskill":"Dot Net","secondaryskill":"Angular","totalexp":"5","currentexp":"TCS","currentlocation":"Noida","preferredlocation":"Gurgaon","referedby":"5a43492f511341d260f2f97a","lob":{"$numberInt":"0"},"sublob":{"$numberInt":"0"},"mobile":"9898989898","emailid":"sandeep@gmail.com","attachment":"dbbd805f-c95c-4fee-80bd-5447ace576ef.docx","referedon":{"$date":{"$numberLong":"1528698978414"}},"referenceid":{"$numberInt":"151617"},"IsFemale":null,"statusid":{"$numberInt":"8"}}
{"_id":{"$oid":"5b1e18c95b54fb4bc06839a3"},"jobid":"5b1e16775b54fb4bc06839a1","firstname":"Sandeep","midname":"","lastname":"Kumar","dob":"01/06/2000","primaryskill":"Dot Net","secondaryskill":"Angular","totalexp":"5","currentexp":"TCS","currentlocation":"Noida","preferredlocation":"Gurgaon","referedby":"5a43492f511341d260f2f97a","lob":{"$numberInt":"0"},"sublob":{"$numberInt":"0"},"mobile":"9898989898","emailid":"sandeep@gmail.com","attachment":"cf84ce4b-d5d4-4511-91b9-039ed699afcd.docx","referedon":{"$date":{"$numberLong":"1528699081288"}},"referenceid":{"$numberInt":"151618"},"IsFemale":null,"statusid":{"$numberInt":"0"}}
{"_id":{"$oid":"5b1e36ea5b54fc27a4aef406"},"jobid":"5b1e12765b54fb4bc0683998","firstname":"Mahak","midname":"","lastname":"Naruala","dob":"14/06/2000","primaryskill":"RPA","secondaryskill":"Robotics","totalexp":"3","currentexp":"IBM","currentlocation":"Gurgaon","preferredlocation":"Gurgaon","referedby":"5a43492f511341d260f2f97a","lob":{"$numberInt":"0"},"sublob":{"$numberInt":"0"},"mobile":"7894561233","emailid":"mahak@mail.com","attachment":"a7b5beed-1999-4469-9541-de7cec6592c9.doc","referedon":{"$date":{"$numberLong":"1528706794291"}},"referenceid":{"$numberInt":"151619"},"IsFemale":null,"statusid":{"$numberInt":"0"}}
{"_id":{"$oid":"5b20c77f5b54fc2db430eab7"},"jobid":"5b1e12765b54fb4bc0683998","firstname":"Lalit","midname":"","lastname":"Kamra","dob":"20/06/2000","primaryskill":"Testing","secondaryskill":"Automation","totalexp":"5","currentexp":"TCS","currentlocation":"Gurgaon","preferredlocation":"Gurgaon","referedby":"5a43492f511341d260f2f97a","lob":{"$numberInt":"0"},"sublob":{"$numberInt":"0"},"mobile":"6890770970","emailid":"lalit@gmail.com","attachment":"e89729c6-d241-409a-bd3d-670109c204df.docx","referedon":{"$date":{"$numberLong":"1528874879462"}},"referenceid":{"$numberInt":"151620"},"IsFemale":null,"statusid":{"$numberInt":"3"}}
{"_id":{"$oid":"5b2202c45b54fb17f4b89b24"},"jobid":"5b1e12765b54fb4bc0683998","firstname":"1","midname":"","lastname":"1","dob":"08/06/2000","primaryskill":"0","secondaryskill":"0","totalexp":"0","currentexp":"0","currentlocation":"0","preferredlocation":"0","referedby":"5a43492f511341d260f2f97a","lob":{"$numberInt":"0"},"sublob":{"$numberInt":"0"},"mobile":"7894562130","emailid":"0@m.c","attachment":"fed15840-e2e7-4b0c-9391-7e64455d8841.docx","referedon":{"$date":{"$numberLong":"1528955588022"}},"referenceid":{"$numberInt":"151621"},"IsFemale":null,"statusid":{"$numberInt":"0"}}
{"_id":{"$oid":"5b238aec5b54fb05b42cf009"},"jobid":"5b2366405b54fe45bcdf3f17","firstname":"Test","midname":"","lastname":"User","dob":"12/06/2000","primaryskill":"abc","secondaryskill":"abc","totalexp":"11","currentexp":"TCS","currentlocation":"Delhi","preferredlocation":"Gurgaon","referedby":"5b22039dae04c942a82ea86a","lob":{"$numberInt":"0"},"sublob":{"$numberInt":"0"},"mobile":"2222222222","emailid":"b@b.com","attachment":"15584077-ab80-48f4-9d1a-767c50c24b0c.docx","referedon":{"$date":{"$numberLong":"1529055980544"}},"referenceid":{"$numberInt":"151623"},"IsFemale":null,"statusid":{"$numberInt":"1"}}
