{"_id":{"$oid":"5b1d64df18869f1258b7111e"},"CandidateId":{"$numberInt":"151611"},"StatusId":{"$numberInt":"2"},"Feedback":"","SavedBy":"5a434936511341d260f2f97b","HrName":"HR","SavedOn":{"$date":{"$numberLong":"1528653023647"}},"DateString":"10-Jun-2018 11:20 PM"}
{"_id":{"$oid":"5b1d680318869f1258b71121"},"CandidateId":{"$numberInt":"151611"},"StatusId":{"$numberInt":"9"},"Feedback":"offered as per selection","SavedBy":"5a434936511341d260f2f97b","HrName":"HR","SavedOn":{"$date":{"$numberLong":"1528653827698"}},"DateString":"10-Jun-2018 11:33 PM"}
{"_id":{"$oid":"5b1d64f018869f1258b7111f"},"CandidateId":{"$numberInt":"151611"},"StatusId":{"$numberInt":"3"},"Feedback":"communication skills not good","SavedBy":"5a434936511341d260f2f97b","HrName":"HR","SavedOn":{"$date":{"$numberLong":"1528653040412"}},"DateString":"10-Jun-2018 11:20 PM"}
{"_id":{"$oid":"5b1d65ae18869f1258b71120"},"CandidateId":{"$numberInt":"151612"},"StatusId":{"$numberInt":"3"},"Feedback":"candidature dropped","SavedBy":"5a434936511341d260f2f97b","HrName":"HR","SavedOn":{"$date":{"$numberLong":"1528653230641"}},"DateString":"10-Jun-2018 11:23 PM"}
{"_id":{"$oid":"5b1e13f75b54fb4bc068399b"},"CandidateId":{"$numberInt":"151616"},"StatusId":{"$numberInt":"3"},"Feedback":"Not matching the role","SavedBy":"5a434936511341d260f2f97b","HrName":"HR","SavedOn":{"$date":{"$numberLong":"1528697847526"}},"DateString":"11-Jun-2018 11:47 AM"}
{"_id":{"$oid":"5b1e140f5b54fb4bc068399c"},"CandidateId":{"$numberInt":"151615"},"StatusId":{"$numberInt":"8"},"Feedback":"","SavedBy":"5a434936511341d260f2f97b","HrName":"HR","SavedOn":{"$date":{"$numberLong":"1528697871063"}},"DateString":"11-Jun-2018 11:47 AM"}
{"_id":{"$oid":"5b1e14305b54fb4bc068399d"},"CandidateId":{"$numberInt":"151615"},"StatusId":{"$numberInt":"9"},"Feedback":"","SavedBy":"5a434936511341d260f2f97b","HrName":"HR","SavedOn":{"$date":{"$numberLong":"1528697904794"}},"DateString":"11-Jun-2018 11:48 AM"}
{"_id":{"$oid":"5b1e143c5b54fb4bc068399e"},"CandidateId":{"$numberInt":"151615"},"StatusId":{"$numberInt":"7"},"Feedback":"","SavedBy":"5a434936511341d260f2f97b","HrName":"HR","SavedOn":{"$date":{"$numberLong":"1528697916345"}},"DateString":"11-Jun-2018 11:48 AM"}
{"_id":{"$oid":"5b1e14485b54fb4bc068399f"},"CandidateId":{"$numberInt":"151615"},"StatusId":{"$numberInt":"11"},"Feedback":"","SavedBy":"5a434936511341d260f2f97b","HrName":"HR","SavedOn":{"$date":{"$numberLong":"1528697928816"}},"DateString":"11-Jun-2018 11:48 AM"}
{"_id":{"$oid":"5b1e15af5b54fb4bc06839a0"},"CandidateId":{"$numberInt":"151614"},"StatusId":{"$numberInt":"0"},"Feedback":"","SavedBy":"5a434936511341d260f2f97b","HrName":"HR","SavedOn":{"$date":{"$numberLong":"1528698287769"}},"DateString":"11-Jun-2018 11:54 AM"}
{"_id":{"$oid":"5b1e19e25b54fb4bc06839a4"},"CandidateId":{"$numberInt":"151617"},"StatusId":{"$numberInt":"2"},"Feedback":"","SavedBy":"5a434936511341d260f2f97b","HrName":"HR","SavedOn":{"$date":{"$numberLong":"1528699362778"}},"DateString":"11-Jun-2018 12:12 PM"}
{"_id":{"$oid":"5b1e19ed5b54fb4bc06839a5"},"CandidateId":{"$numberInt":"151617"},"StatusId":{"$numberInt":"4"},"Feedback":"","SavedBy":"5a434936511341d260f2f97b","HrName":"HR","SavedOn":{"$date":{"$numberLong":"1528699373986"}},"DateString":"11-Jun-2018 12:12 PM"}
{"_id":{"$oid":"5b1e37ff5b54fd27a4bcdcea"},"CandidateId":{"$numberInt":"151617"},"StatusId":{"$numberInt":"8"},"Feedback":"Offered by prince","SavedBy":"5a434936511341d260f2f97b","HrName":"HR","SavedOn":{"$date":{"$numberLong":"1528707071886"}},"DateString":"11-Jun-2018 02:21 PM"}
{"_id":{"$oid":"5b1e6d6b5b54fb3150bf2a74"},"CandidateId":{"$numberInt":"151615"},"StatusId":{"$numberInt":"7"},"Feedback":"","SavedBy":"5a434936511341d260f2f97b","HrName":"HR","SavedOn":{"$date":{"$numberLong":"1528720747714"}},"DateString":"11-Jun-2018 06:09 PM"}
{"_id":{"$oid":"5b1e6e0b5b54fb3150bf2a75"},"CandidateId":{"$numberInt":"151617"},"StatusId":{"$numberInt":"8"},"Feedback":"Offered by prince","SavedBy":"5a434936511341d260f2f97b","HrName":"HR","SavedOn":{"$date":{"$numberLong":"1528720907036"}},"DateString":"11-Jun-2018 06:11 PM"}
{"_id":{"$oid":"5b1f76485b54fb4d202ed48c"},"CandidateId":{"$numberInt":"151611"},"StatusId":{"$numberInt":"10"},"Feedback":"offered as per selection","SavedBy":"5a434936511341d260f2f97b","HrName":"HR","SavedOn":{"$date":{"$numberLong":"1528788552325"}},"DateString":"12-Jun-2018 12:59 PM"}
{"_id":{"$oid":"5b20c8115b54fc2db430eab8"},"CandidateId":{"$numberInt":"151620"},"StatusId":{"$numberInt":"1"},"Feedback":"","SavedBy":"5a434936511341d260f2f97b","HrName":"HR","SavedOn":{"$date":{"$numberLong":"1528875025973"}},"DateString":"13-Jun-2018 01:00 PM"}
{"_id":{"$oid":"5b20c8305b54fc2db430eab9"},"CandidateId":{"$numberInt":"151620"},"StatusId":{"$numberInt":"3"},"Feedback":"","SavedBy":"5a434936511341d260f2f97b","HrName":"HR","SavedOn":{"$date":{"$numberLong":"1528875056274"}},"DateString":"13-Jun-2018 01:00 PM"}
{"_id":{"$oid":"5b20c8d05b54fc2db430eaba"},"CandidateId":{"$numberInt":"151611"},"StatusId":{"$numberInt":"6"},"Feedback":"offered as per selection","SavedBy":"5a434936511341d260f2f97b","HrName":"HR","SavedOn":{"$date":{"$numberLong":"1528875216872"}},"DateString":"13-Jun-2018 01:03 PM"}
{"_id":{"$oid":"5b22015c5b54fb17f4b89b23"},"CandidateId":{"$numberInt":"151611"},"StatusId":{"$numberInt":"8"},"Feedback":"offered as per selection","SavedBy":"5a434936511341d260f2f97b","HrName":"HR","SavedOn":{"$date":{"$numberLong":"1528955228611"}},"DateString":"14-Jun-2018 11:17 AM"}
{"_id":{"$oid":"5b238c095b54fb05b42cf00a"},"CandidateId":{"$numberInt":"151623"},"StatusId":{"$numberInt":"1"},"Feedback":"","SavedBy":"5a434936511341d260f2f97b","HrName":"HR","SavedOn":{"$date":{"$numberLong":"1529056265985"}},"DateString":"15-Jun-2018 03:21 PM"}
