{"_id":{"$oid":"5a43492f511341d260f2f97a"},"username":"employee","password":"employee","name":"Employee","lob":"IT-Talent","photo":"","usertype":"1","isactive":"true","employeeid":"1042941"}
{"_id":{"$oid":"5a434936511341d260f2f97b"},"username":"hr","password":"hr","name":"HR","lob":"GOSS","photo":"","usertype":"0","isactive":"true","employeeid":"1048756"}
{"_id":{"$oid":"5b22039dae04c942a82ea86a"},"username":"employee1","password":"employee1","name":"Employee1","lob":"GOSS","photo":"","usertype":"1","isactive":"true","employeeid":"1082765"}
